{
    "appname": "dia",
    "packages": [
        {
            "dia": ""
        },
        {
            "dia-common": ""
        }
    ],
    "lastUpdate": "2017-11-27",
    "flavour": "Common",
    "description": "Editor de diagrames",
    "lliurexversion": "0.97.3-1",
    "upstreamversion": "0.97.3-1",
    "upstreamUrl": "https:\/\/github.com\/GNOME\/dia",
    "translateUrl": "https:\/\/github.com\/lliurex\/dia",
    "translatedVersions": [
        {
            "0.97.3-1": ""
        }
    ],
    "svnPath": "https:\/\/svn.lliurex.net\/lliurex-pl\/trunk\/llx1606\/Grafics\/dia",
    "transType": "po",
    "translationMethod": "tradInApp",
    "installPath": "\/usr\/share\/locale\/ca@valencia",
    "fileList": [
        "dia.mo"
    ],
    "recipe": "S'ha fet un fork al github de lliurex. Cal fer la traducci\u00f3 dels pos i el pull-request pertinent. Fins que s'accepte, estar\u00e0 al language-pack. La ubicaci\u00f3 per estar al language-pack tindr\u00e0 codi d'idioma ca_ES@valencia, que tindr\u00e0 prefer\u00e8ncia al ca@valencia per defecte del dia.",
    "notes": "",
    "metapackage": "dia",
    "watch_me": "true"
}