{
    "appname": "Exelearning",
    "packages": [
        {
            "intef-exe": "3:2.0.4ppa01"
        }
    ],
    "lastUpdate": "2017-01-25",
    "flavour": "Common",
    "description": "Eina de creaci\u00f3 de continguts educatius",
    "lliurexversion": "2.1.1ppa02",
    "upstreamversion": "2.1.3",
    "upstreamUrl": "http:\/\/exelearning.net\/",
    "translateUrl": "http:\/\/exelearning.net\/",
    "translatedVersions": [
        {
            "2.1": "01-04-2016"
        },
        {
            "2.1.1": "25-01-2017"
        },
        {
            "  2.1.3 ": "04-09-2017"
        }
    ],
    "svnPath": "https:\/\/svn.lliurex.net\/lliurex-pl\/trunk\/llx1606\/mate-desktop",
    "transType": "po",
    "translationMethod": "applicationEmbed",
    "installPath": "\/usr\/share\/exe\/locale\/ca_ES@valencia\/LC_MESSAGES\/",
    "fileList": [
        "exe.po",
        "exe.mo"
    ],
    "recipe": "Les traduccions ens arriben per correu quan va a eixir una nova versi\u00f3.\nContacte: Juan Rafael Fern\u00e1ndez <jrfern@gmail.com>",
    "notes": "",
    "metapackage": "intef-exe",
    "watch_me": "false"
}