{
    "appname": "Moodle",
    "packages": [
        {
            "lliurex-moodle": ""
        }
    ],
    "lastUpdate": "2017-01-24",
    "flavour": "Common",
    "description": "",
    "lliurexversion": "0.32",
    "upstreamversion": "0.32",
    "upstreamUrl": "https:\/\/moodle.org\/",
    "translateUrl": "https:\/\/lang.moodle.org\/login\/index.php",
    "translatedVersions": [
        {
            "0.32": "2017"
        }
    ],
    "svnPath": "https:\/\/svn.lliurex.net\/lliurex-pl\/trunk\/llx1606\/lliurex-moodle\/moodle\/ca-va",
    "transType": "other",
    "translationMethod": "applicationEmbed",
    "installPath": "Diins l'aplicaci\u00f3",
    "fileList": [
        "access.php\ndataformfield_entrystate.php\nqtype_easyofischer.php\nadmin.php                            dataformfield_entrytime.php          qtype_easyolewis.php\nadobeconnect.php                      dataformfield_file.php               qtype_easyomechjs.php\nadvmindmap.php                        dataformfield_number.php             qtype_easyomech.php\nalternative.php                       dataformfield_picture.php            qtype_easyonamejs.php\napply.php                             dataformfield_radiobutton.php        qtype_easyoname.php\naspirelist.php                        dataformfield_ratingmdl.php          qtype_easyonewman.php\nassignfeedback_comments.php           dataformfield_selectmulti.php        qtype_easyoselectjs.php\nassignfeedback_editpdf.php            dataformfield_text.php               qtype_easyoselect.php\nassignfeedback_file.php               dataformfield_time.php               qtype_easyostructure.php\nassignfeedback_offline.php            dataformfield_url.php                qtype_essay.php\nassignfeedback_pdf.php                dataform.php                         qtype_fwstructmatch.php\nassignfeedback_poodll.php             dataformview_csv.php                 qtype_gapfill.php\nassignment_offline.php                dataformview_interval.php            qtype_gapselect.php\nassignment_online.php                 dataformview_rss.php                 qtype_jme.php\nassignment.php                        dataformview_tabular.php             qtype_match.php\nassignment_upload.php                 data.php                             qtype_missingtype.php\nassignment_uploadsingle.php           datapreset_imagegallery.php          qtype_multianswer.php\nassign.php                            dbtransfer.php                       qtype_multichoice.php\nassignsubmission_comments.php         debug.php                            qtype_multinumerical.php\nassignsubmission_file.php             dialogue.php                         qtype_numerical.php\nassignsubmission_onenote.php          editor_atto.php                      qtype_ordering.php\nassignsubmission_onlinepoodll.php     editor.php                           qtype_pmatch.php\nassignsubmission_onlinetext.php       editor_textarea.php                  qtype_preg.php\nassignsubmission_pdf.php              editor_tinymce.php                   qtype_random.php\nassignsubmission_youtube.php          edufields.php                        qtype_randomsamatch.php\nattcontrol.php                        elang.php                            qtype_regexp.php\nattendance.php                        enrol_apply.php                      qtype_shortanswer.php\natto_accessibilitychecker.php         enrol_authorizedotnet.php            qtype_stack.php\natto_accessibilityhelper.php          enrol_auto.php                       qtype_truefalse.php\natto_align.php                        enrol_bitcoin.php                    qtype_varnumericset.php\natto_backcolor.php                    enrol_category.php                   questionnaire.php\natto_bold.php                         enrol_classicpay.php                 question.php\natto_charmap.php                      enrol_cohort.php                     quizaccess_delaybetweenattempts.php\natto_clear.php                        enrol_database.php                   quizaccess_ipaddress.php\natto_collapse.php                     enrol_elediacohortgreeting.php       quizaccess_numattempts.php\natto_corrections.php                  enrol_flatfile.php                   quizaccess_offlinemode.php\natto_emoticon.php                     enrol_guest.php                      quizaccess_openclosedate.php\natto_equation.php                     enrol_imsenterprise.php              quizaccess_password.php\natto_fontcolor.php                    enrol_ldap.php                       quizaccess_safebrowser.php\natto_fontfamily.php                   enrol_lmb.php                        quizaccess_securewindow.php\natto_fontsize.php                     enrol_manual.php                     quizaccess_timelimit.php\natto_html.php                         enrol_metabulk.php                   quiz_grading.php\natto_image.php                        enrol_meta.php                       quiz_overview.php\natto_indent.php                       enrol_mnet.php                       quiz.php\natto_italic.php                       enrol_paypal.php                     quiz_responses.php\natto_link.php                         enrol.php                            quiz_stack.php\natto_managefiles.php                  enrol_saml.php                       quiz_statistics.php\natto_media.php                        enrol_self.php                       rating.php\natto_noautolink.php                   enrol_signup.php                     reader.php\natto_orderedlist.php                  error.php                            realtimequiz.php\natto_poodll.php                       facetoface.php                       recordingsbn.php\natto_rtl.php                          feedback.php                         registration.php\natto_strike.php                       filter_activitynames.php             report_backups.php\natto_subscript.php                    filter_algebra.php                   report_completion.php\natto_superscript.php                  filter_censor.php                    report_configlog.php\natto_table.php                        filter_data.php                      report_courseoverview.php\natto_title.php                        filter_emailprotect.php              report_customsql.php\natto_underline.php                    filter_emoticon.php                  report_editdates.php\natto_undo.php                         filter_glossary.php                  report_eventlist.php\natto_unorderedlist.php                filter_jmol.php                      report_filetrash.php\natto_wiris.php                        filter_mathjaxloader.php             report_loglive.php\nauth_cas.php                          filter_mediaplugin.php               report_log.php\nauth_db.php                           filter_multilang.php                 report_outline.php\nauth_emailadmin.php                   filter_poodll.php                    report_participation.php\nauth_email.php                        filters.php                          report_performance.php\nauth_fc.php                           filter_tex.php                       report_progress.php\nauth_googleoauth2.php                 filter_tidy.php                      report_questioninstances.php\nauth_imap.php                         filter_urltolink.php                 report_security.php\nauth_ldap.php                         folder.php                           report_stats.php\nauth_manual.php                       format_board.php                     repository_alfresco.php\nauth_mnet.php                         format_columns.php                   repository_areafiles.php\nauth_nntp.php                         format_etask.php                     repository_boxnet.php\nauth_nologin.php                      format_flexsections.php              repository_coursefiles.php\nauth_none.php                         format_fntabs.php                    repository_dropbox.php\nauth_oidc.php                         format_gps.php                       repository_ensemble.php\nauth_pam.php                          format_grid.php                      repository_equella.php\nauth.php                              format_masonry.php                   repository_evernote.php\nauth_pop3.php                         format_menutopic.php                 repository_filesystem.php\nauth_radius.php                       format_mindmap.php                   repository_flickr.php\nauth_saml.php                         format_noticebd.php                  repository_flickr_public.php\nauth_shibboleth.php                   format_onetopic.php                  repository_googledocs.php\nauth_webservice.php                   format_periods.php                   repository_local.php\nautoattendmod.php                     format_singleactivity.php            repository_merlot.php\navailability_completion.php           format_social.php                    repository_onenote.php\navailability_date.php                 format_socialwall.php                repository.php\navailability_grade.php                format_topcoll.php                   repository_picasa.php\navailability_grouping.php             format_topics.php                    repository_recent.php\navailability_group.php                format_weeks.php                     repository_s3.php\navailability_language.php             form.php                             repository_skydrive.php\navailability_mobileapp.php            forum.php                            repository_upload.php\navailability.php                      game.php                             repository_url.php\navailability_profile.php              geogebra.php                         repository_user.php\navailability_xp.php                   giportfolio.php                      repository_webdav.php\nbackup.php                            glossary.php                         repository_wikimedia.php\nbadges.php                            gradeexport_ods.php                  repository_xpert_url.php\nbigbluebuttonbn.php                   gradeexport_txt.php                  repository_youtube.php\nbim.php                               gradeexport_xls.php                  reservation.php\nblock_activity_modules.php            gradeexport_xml.php                  resource.php\nblock_activity_results.php            gradeimport_csv.php                  richmedia.php\nblock_admin_bookmarks.php             gradeimport_direct.php               role.php\nblock_admin_presets.php               gradeimport_xml.php                  scorm.php\nblock_advrssfeed.php                  gradereport_grader.php               scormreport_basic.php\nblock_analytics_graphs.php            gradereport_history.php              scormreport_graphs.php\nblock_autoattend.php                  gradereport_outcomes.php             scormreport_interactions.php\nblock_badges.php                      gradereport_overview.php             scormreport_objectives.php\nblock_blog_menu.php                   gradereport_singleview.php           search.php\nblock_blog_recent.php                 gradereport_user.php                 simplecertificate.php\nblock_blog_tags.php                   grades.php                           socialwiki.php\nblock_calendar_month.php              gradingform_btec.php                 stampcoll.php\nblock_calendar_upcoming.php           gradingform_guide.php                survey.php\nblock_cmanager.php                    gradingform_rubric.php               swf.php\nblock_comments.php                    grading.php                          table.php\nblock_community.php                   group.php                            tag.php\nblock_completionstatus.php            hotpot.php                           taskchain.php\nblock_configurable_reports.php        hotpotreport_overview.php            taskchainreport_overview.php\nblock_course_contacts.php             hsuforum.php                         theme_aardvark.php\nblock_course_list.php                 hub.php                              theme_afterburner.php\nblock_course_overview_campus.php      imscc.php                            theme_aigne.php\nblock_course_overview.php             imscp.php                            theme_anomaly.php\nblock_course_overview_plus.php        install.php                          theme_archaius.php\nblock_course_summary.php              iso6392.php                          theme_arialist.php\nblock_credly.php                      jclic.php                            theme_base.php\nblock_dictionary.php                  journal.php                          theme_bcu.php\nblock_ejsapp_collab_session.php       label.php                            theme_binarius.php\nblock_ejsapp_file_browser.php         langconfig.php                       theme_bootstrapbase.php\nblock_exacomp.php                     languagelab.php                      theme_boxxie.php\nblock_exalib.php                      lesson.php                           theme_brick.php\nblock_exaport.php                     license.php                          theme_cafe_con_leche.php\nblock_exastud.php                     lightboxgallery.php                  theme_campus.php\nblock_facility_to_moodle.php          local_amos.php                       theme_canvas.php\nblock_fbcomments.php                  local_anonymousposting.php           theme_clean.php\nblock_feedback.php                    local_aspiredu.php                   theme_coursesearch.php\nblock_files.php                       local_cohortrole.php                 theme_crisp.php\nblock_flexpagenav.php                 local_globalmessage.php              theme_decaf.php\nblock_fn_assignment_reset.php         local_ltiprovider.php                theme_dynamic.php\nblock_fn_marking.php                  local_mail.php                       theme_eguru.php\nblock_fn_mentor.php                   local_mobile.php                     theme_elegance.php\nblock_gismo.php                       local_moodlemobileapp.php            theme_essential.php\nblock_glossary_random.php             local_moodleorg.php                  theme_flexibase.php\nblock_html.php                        local_msaccount.php                  theme_formal_white.php\nblock_iclicker.php                    local_obf.php                        theme_formfactor.php\nblock_jmail.php                       local_onenote.php                    theme_fusion.php\nblock_learning_plan.php               local_recyclebin.php                 theme_halboo.php\nblock_lesson_essay_feedback.php       local_reminders.php                  theme_joomdlebs.php\nblock_login.php                       local_welcome.php                    theme_leatherbound.php\nblock_mentees.php                     local_wikiexport.php                 theme_liven.php\nblock_messages.php                    local_zilink.php                     theme_magazine.php\nblock_mnet_hosts.php                  logstore_database.php                theme_more.php\nblock_moodletxt.php                   logstore_legacy.php                  theme_mutant_banjo.php\nblock_moodleversion.php               logstore_standard.php                theme_mymobile.php\nblock_mooprofile.php                  lti.php                              theme_nimble.php\nblock_mrbs.php                        magtest.php                          theme_nonzero.php\nblock_myprofile.php                   mathslib.php                         theme_overlay.php\nblock_navigation.php                  mediagallery.php                     theme_rocket.php\nblock_news_items.php                  media.php                            theme_serenity.php\nblock_objectives.php                  mediasite.php                        theme_sharp.php\nblock_online_users.php                message_airnotifier.php              theme_shoehorn.php\nblock_participants.php                message_email.php                    theme_shoelace.php\nblock.php                             message_jabber.php                   theme_sky_high.php\nblock_private_files.php               message.php                          theme_splash.php\nblock_profile_field_identifier.php    message_popup.php                    theme_standardold.php\nblock_progress.php                    mimetypes.php                        theme_standard.php\nblock_quiz_results.php                mnet.php                             theme_uikit.php\nblock_ranking.php                     mnetservice_enrol.php                timezones.php\nblock_recent_activity.php             moodle.php                           tinymce_ctrlhelp.php\nblock_rss_client.php                  my.php                               tinymce_dragmath.php\nblock_search_forums.php               notes.php                            tinymce_managefiles.php\nblock_section_links.php               offlinequiz.php                      tinymce_moodleemoticon.php\nblock_selfcompletion.php              organizer.php                        tinymce_moodleimage.php\nblock_settings.php                    page.php                             tinymce_moodlemedia.php\nblock_site_main_menu.php              pagetype.php                         tinymce_moodlenolink.php\nblock_sms.php                         pcast.php                            tinymce_pdw.php\nblock_social_activities.php           pdfparts.php                         tinymce_spellchecker.php\nblock_tag_flickr.php                  pix.php                              tinymce_wrap.php\nblock_tags.php                        plagiarism_compilatio.php            tinymce_youtube.php\nblock_tag_youtube.php                 plagiarism_ephorus.php               tool_advancedspamcleaner.php\nblock_turnitin.php                    plagiarism.php                       tool_assignmentupgrade.php\nblock_wikipedia.php                   plagiarism_plagiarisma.php           tool_availabilityconditions.php\nblock_workflow.php                    plagiarism_plagscan.php              tool_behat.php\nblock_xp.php                          plagiarism_turnitin.php              tool_capability.php\nblog.php                              plagiarism_urkund.php                tool_coursebank.php\nbook.php                              plagiarism_vericite.php              tool_customlang.php\nbooktool_exportimscp.php              plugin.php                           tool_dbtransfer.php\nbooktool_importhtml.php               portfolio_boxnet.php                 tool_editrolesbycap.php\nbooktool_print.php                    portfolio_download.php               tool_generator.php\nbulkusers.php                         portfolio_flickr.php                 tool_health.php\ncachelock_file.php                    portfolio_googledocs.php             tool_innodb.php\ncache.php                             portfolio_mahara.php                 tool_installaddon.php\ncachestore_file.php                   portfolio.php                        tool_langimport.php\ncachestore_memcached.php              portfolio_picasa.php                 tool_log.php\ncachestore_memcache.php               profilefield_checkbox.php            tool_messageinbound.php\ncachestore_mongodb.php                profilefield_datetime.php            tool_monitor.php\ncachestore_session.php                profilefield_menu.php                tool_multilangupgrade.php\ncachestore_static.php                 profilefield_textarea.php            tool_phpunit.php\ncalendar.php                          profilefield_text.php                tool_profiling.php\ncalendartype_gregorian.php            publication.php                      tool_replace.php\ncertificate.php                       qbehaviour_adaptivenopenalty.php     tool_spamcleaner.php\nchat.php                              qbehaviour_adaptive.php              tool_task.php\nchecklist.php                         qbehaviour_deferredcbm.php           tool_timezoneimport.php\ncheckmark.php                         qbehaviour_deferredfeedback.php      tool_unsuproles.php\nchoicegroup.php                       qbehaviour_immediatecbm.php          tool_uploadcourse.php\nchoice.php                            qbehaviour_immediatefeedback.php     tool_uploaduser.php\ncohort.php                            qbehaviour_informationitem.php       tool_xmldb.php\ncompletion.php                        qbehaviour_interactivecountback.php  turnitintool.php\ncountries.php                         qbehaviour_interactive.php           turnitintooltwo.php\ncurrencies.php                        qbehaviour_manualgraded.php          url.php\ncustomlabeltype_courseclassifier.php  qbehaviour_missing.php               userkey.php\ncustomlesson.php                      qcreate.php                          vitero.php\ndatafield_checkbox.php                qformat_aiken.php                    vpl.php\ndatafield_date.php                    qformat_blackboard_six.php           webexactivity.php\ndatafield_file.php                    qformat_examview.php                 webservice_amf.php\ndatafield_latlong.php                 qformat_gift.php                     webservice.php\ndatafield_menu.php                    qformat_missingword.php              webservice_rest.php\ndatafield_multimenu.php               qformat_multianswer.php              webservice_soap.php\ndatafield_number.php                  qformat_webct.php                    webservice_xmlrpc.php\ndatafield_picture.php                 qformat_xhtml.php                    wiki.php\ndatafield_poodll.php                  qformat_xml.php                      wiziq.php\ndatafield_radiobutton.php             qtype_algebra.php                    workshopallocation_manual.php\ndatafield_textarea.php                qtype_calculatedmulti.php            workshopallocation_random.php\ndatafield_text.php                    qtype_calculated.php                 workshopallocation_scheduled.php\ndatafield_url.php                     qtype_calculatedsimple.php           workshopeval_best.php\ndataformembed.php                     qtype_correctwriting.php             workshopform_accumulative.php\ndataformfield_checkbox.php            qtype_ddimageortext.php              workshopform_comments.php\ndataformfield_commentmdl.php          qtype_ddmarker.php                   workshopform_numerrors.php\ndataformfield_duration.php            qtype_ddmatch.php                    workshopform_rubric.php\ndataformfield_entryactions.php        qtype_ddwtos.php                     workshop.php\ndataformfield_entryauthor.php         qtype_description.php                zoom.php\ndataformfield_entrygroup.php          qtype_easyoddname.php\n"
    ],
    "recipe": "Fitxers en format .php",
    "notes": "",
    "metapackage": "lliurex-moodle",
    "watch_me": "false"
}