{
    "appname": "lliurex-remote-installer",
    "packages": [
        {
            "lliurex-remote-installer-client": ""
        },
        {
            "lliurex-remote-installer-gui": ""
        },
        {
            "  lliurex-remote-installer-server": ""
        }
    ],
    "lastUpdate": "2017-11-16",
    "flavour": "Server",
    "description": "Permet instal\u00b7lar aplicacions en els clients en engegar la m\u00e0quina",
    "lliurexversion": "0.4.2",
    "upstreamversion": "0.4.2",
    "upstreamUrl": "https:\/\/launchpad.net\/~llxdev\/+archive\/ubuntu\/xenial",
    "translateUrl": "-",
    "translatedVersions": [
        {
            "0.3.8": ""
        }
    ],
    "svnPath": "https:\/\/svn.lliurex.net\/lliurex-pl\/trunk\/llx1606\/lliurex-remote-installer",
    "transType": "po",
    "translationMethod": "tradInApp",
    "installPath": "El de l'aplicaci\u00f3",
    "fileList": [
        "ca@valencia.po"
    ],
    "recipe": "",
    "notes": "Aplicaci\u00f3 pr\u00f2pia de LliureX",
    "metapackage": "-",
    "watch_me": "false"
}